快捷菜单,应急指挥
组织架构管理,应急指挥
新增组织,应急指挥
修改组织,应急指挥
删除组织,应急指挥
用户管理,应急指挥
新增用户,应急指挥
修改用户,应急指挥
删除用户,应急指挥
分配组织,应急指挥
分配角色,应急指挥
重置密码,应急指挥
启用用户,应急指挥
禁用用户,应急指挥
角色管理,应急指挥
新增角色,应急指挥
修改角色,应急指挥
删除角色,应急指挥
复制角色,应急指挥
配置权限,应急指挥
预案管理,应急指挥
发布预案,应急指挥
新建预案,应急指挥
编辑预案,应急指挥
删除预案,应急指挥
导出预案,应急指挥
导入预案,应急指挥
用户中心,应急指挥
定制首页,应急指挥
定制快捷菜单,应急指挥
修改密码,应急指挥
修改个人信息,应急指挥
指挥调度,应急指挥
已发布预案,应急指挥
执行中预案,应急指挥
已执行预案,应急指挥
大屏显示,应急指挥
预案分类,应急指挥
系统配置,应急指挥
活动配色,应急指挥
知识库,应急指挥
启动预案,应急指挥
显示状态,应急指挥
挂起预案,应急指挥
激活预案,应急指挥
终止预案,应急指挥
查看报告,应急指挥
显示状态,应急指挥
指挥权移交,应急指挥
大屏显示,应急指挥
临时添加指挥候选人,应急指挥
查看报告,应急指挥
删除历史流程,应急指挥
显示状态,应急指挥
大屏定制,应急指挥
新建维度,应急指挥
编辑维度,应急指挥
删除维度,应急指挥
新建分类,应急指挥
编辑分类,应急指挥
删除分类,应急指挥
新建配色,应急指挥
编辑配色,应急指挥
删除配色,应急指挥
快捷菜单,应急处置
组织架构管理,应急处置
新增组织,应急处置
修改组织,应急处置
删除组织,应急处置
用户管理,应急处置
新增用户,应急处置
修改用户,应急处置
删除用户,应急处置
分配组织,应急处置
分配角色,应急处置
重置密码,应急处置
启用用户,应急处置
禁用用户,应急处置
角色管理,应急处置
新增角色,应急处置
修改角色,应急处置
删除角色,应急处置
复制角色,应急处置
配置权限,应急处置
预案管理,应急处置
发布预案,应急处置
新建预案,应急处置
编辑预案,应急处置
删除预案,应急处置
导出预案,应急处置
导入预案,应急处置
用户中心,应急处置
定制首页,应急处置
定制快捷菜单,应急处置
修改密码,应急处置
修改个人信息,应急处置
指挥调度,应急处置
已发布预案,应急处置
执行中预案,应急处置
已执行预案,应急处置
大屏显示,应急处置
预案分类,应急处置
系统配置,应急处置
活动配色,应急处置
知识库,应急处置
启动预案,应急处置
显示状态,应急处置
挂起预案,应急处置
激活预案,应急处置
终止预案,应急处置
查看报告,应急处置
显示状态,应急处置
指挥权移交,应急处置
大屏显示,应急处置
临时添加指挥候选人,应急处置
查看报告,应急处置
删除历史流程,应急处置
显示状态,应急处置
大屏定制,应急处置
新建维度,应急处置
编辑维度,应急处置
删除维度,应急处置
新建分类,应急处置
编辑分类,应急处置
删除分类,应急处置
新建配色,应急处置
编辑配色,应急处置
删除配色,技术处置
快捷菜单,技术处置
组织架构管理,技术处置
新增组织,技术处置
修改组织,技术处置
删除组织,技术处置
用户管理,技术处置
新增用户,技术处置
修改用户,技术处置
删除用户,技术处置
分配组织,技术处置
分配角色,技术处置
重置密码,技术处置
启用用户,技术处置
禁用用户,技术处置
角色管理,技术处置
新增角色,技术处置
修改角色,技术处置
删除角色,技术处置
复制角色,技术处置
配置权限,技术处置
预案管理,技术处置
发布预案,技术处置
新建预案,技术处置
编辑预案,技术处置
删除预案,技术处置
导出预案,技术处置
导入预案,技术处置
用户中心,技术处置
定制首页,技术处置
定制快捷菜单,技术处置
修改密码,技术处置
修改个人信息,技术处置
指挥调度,技术处置
已发布预案,技术处置
执行中预案,技术处置
已执行预案,技术处置
大屏显示,技术处置
预案分类,技术处置
系统配置,技术处置
活动配色,技术处置
知识库,技术处置
启动预案,技术处置
显示状态,技术处置
挂起预案,技术处置
激活预案,技术处置
终止预案,技术处置
查看报告,技术处置
显示状态,技术处置
指挥权移交,技术处置
大屏显示,技术处置
临时添加指挥候选人,技术处置
查看报告,技术处置
删除历史流程,技术处置
显示状态,技术处置
大屏定制,技术处置
新建维度,技术处置
编辑维度,技术处置
删除维度,技术处置
新建分类,技术处置
编辑分类,技术处置
删除分类,技术处置
新建配色,技术处置
编辑配色,技术处置
删除配色,交易业务处置
快捷菜单,交易业务处置
组织架构管理,交易业务处置
新增组织,交易业务处置
修改组织,交易业务处置
删除组织,交易业务处置
用户管理,交易业务处置
新增用户,交易业务处置
修改用户,交易业务处置
删除用户,交易业务处置
分配组织,交易业务处置
分配角色,交易业务处置
重置密码,交易业务处置
启用用户,交易业务处置
禁用用户,交易业务处置
角色管理,交易业务处置
新增角色,交易业务处置
修改角色,交易业务处置
删除角色,交易业务处置
复制角色,交易业务处置
配置权限,交易业务处置
预案管理,交易业务处置
发布预案,交易业务处置
新建预案,交易业务处置
编辑预案,交易业务处置
删除预案,交易业务处置
导出预案,交易业务处置
导入预案,交易业务处置
用户中心,交易业务处置
定制首页,交易业务处置
定制快捷菜单,交易业务处置
修改密码,交易业务处置
修改个人信息,交易业务处置
指挥调度,交易业务处置
已发布预案,交易业务处置
执行中预案,交易业务处置
已执行预案,交易业务处置
大屏显示,交易业务处置
预案分类,交易业务处置
系统配置,交易业务处置
活动配色,交易业务处置
知识库,交易业务处置
启动预案,交易业务处置
显示状态,交易业务处置
挂起预案,交易业务处置
激活预案,交易业务处置
终止预案,交易业务处置
查看报告,交易业务处置
显示状态,交易业务处置
指挥权移交,交易业务处置
大屏显示,交易业务处置
临时添加指挥候选人,交易业务处置
查看报告,交易业务处置
删除历史流程,交易业务处置
显示状态,交易业务处置
大屏定制,交易业务处置
新建维度,交易业务处置
编辑维度,交易业务处置
删除维度,交易业务处置
新建分类,交易业务处置
编辑分类,交易业务处置
删除分类,交易业务处置
新建配色,交易业务处置
编辑配色,交易业务处置
删除配色,客户服务处置
快捷菜单,客户服务处置
组织架构管理,客户服务处置
新增组织,客户服务处置
修改组织,客户服务处置
删除组织,客户服务处置
用户管理,客户服务处置
新增用户,客户服务处置
修改用户,客户服务处置
删除用户,客户服务处置
分配组织,客户服务处置
分配角色,客户服务处置
重置密码,客户服务处置
启用用户,客户服务处置
禁用用户,客户服务处置
角色管理,客户服务处置
新增角色,客户服务处置
修改角色,客户服务处置
删除角色,客户服务处置
复制角色,客户服务处置
配置权限,客户服务处置
预案管理,客户服务处置
发布预案,客户服务处置
新建预案,客户服务处置
编辑预案,客户服务处置
删除预案,客户服务处置
导出预案,客户服务处置
导入预案,客户服务处置
用户中心,客户服务处置
定制首页,客户服务处置
定制快捷菜单,客户服务处置
修改密码,客户服务处置
修改个人信息,客户服务处置
指挥调度,客户服务处置
已发布预案,客户服务处置
执行中预案,客户服务处置
已执行预案,客户服务处置
大屏显示,客户服务处置
预案分类,客户服务处置
系统配置,客户服务处置
活动配色,客户服务处置
知识库,客户服务处置
启动预案,客户服务处置
显示状态,客户服务处置
挂起预案,客户服务处置
激活预案,客户服务处置
终止预案,客户服务处置
查看报告,客户服务处置
显示状态,客户服务处置
指挥权移交,客户服务处置
大屏显示,客户服务处置
临时添加指挥候选人,客户服务处置
查看报告,客户服务处置
删除历史流程,客户服务处置
显示状态,客户服务处置
大屏定制,客户服务处置
新建维度,客户服务处置
编辑维度,客户服务处置
删除维度,客户服务处置
新建分类,客户服务处置
编辑分类,客户服务处置
删除分类,客户服务处置
新建配色,客户服务处置
编辑配色,客户服务处置
删除配色,客户服务处置
快捷菜单,精算业务处置
组织架构管理,精算业务处置
新增组织,精算业务处置
修改组织,精算业务处置
删除组织,精算业务处置
用户管理,精算业务处置
新增用户,精算业务处置
修改用户,精算业务处置
删除用户,精算业务处置
分配组织,精算业务处置
分配角色,精算业务处置
重置密码,精算业务处置
启用用户,精算业务处置
禁用用户,精算业务处置
角色管理,精算业务处置
新增角色,精算业务处置
修改角色,精算业务处置
删除角色,精算业务处置
复制角色,精算业务处置
配置权限,精算业务处置
预案管理,精算业务处置
发布预案,精算业务处置
新建预案,精算业务处置
编辑预案,精算业务处置
删除预案,精算业务处置
导出预案,精算业务处置
导入预案,精算业务处置
用户中心,精算业务处置
定制首页,精算业务处置
定制快捷菜单,精算业务处置
修改密码,精算业务处置
修改个人信息,精算业务处置
指挥调度,精算业务处置
已发布预案,精算业务处置
执行中预案,精算业务处置
已执行预案,精算业务处置
大屏显示,精算业务处置
预案分类,精算业务处置
系统配置,精算业务处置
活动配色,精算业务处置
知识库,精算业务处置
启动预案,精算业务处置
显示状态,精算业务处置
挂起预案,精算业务处置
激活预案,精算业务处置
终止预案,精算业务处置
查看报告,精算业务处置
显示状态,精算业务处置
指挥权移交,精算业务处置
大屏显示,精算业务处置
临时添加指挥候选人,精算业务处置
查看报告,精算业务处置
删除历史流程,精算业务处置
显示状态,精算业务处置
大屏定制,精算业务处置
新建维度,精算业务处置
编辑维度,精算业务处置
删除维度,精算业务处置
新建分类,精算业务处置
编辑分类,精算业务处置
删除分类,精算业务处置
新建配色,精算业务处置
编辑配色,精算业务处置
删除配色,精算业务处置
快捷菜单,后勤保障处置
组织架构管理,后勤保障处置
新增组织,后勤保障处置
修改组织,后勤保障处置
删除组织,后勤保障处置
用户管理,后勤保障处置
新增用户,后勤保障处置
修改用户,后勤保障处置
删除用户,后勤保障处置
分配组织,后勤保障处置
分配角色,后勤保障处置
重置密码,后勤保障处置
启用用户,后勤保障处置
禁用用户,后勤保障处置
角色管理,后勤保障处置
新增角色,后勤保障处置
修改角色,后勤保障处置
删除角色,后勤保障处置
复制角色,后勤保障处置
配置权限,后勤保障处置
预案管理,后勤保障处置
发布预案,后勤保障处置
新建预案,后勤保障处置
编辑预案,后勤保障处置
删除预案,后勤保障处置
导出预案,后勤保障处置
导入预案,后勤保障处置
用户中心,后勤保障处置
定制首页,后勤保障处置
定制快捷菜单,后勤保障处置
修改密码,后勤保障处置
修改个人信息,后勤保障处置
指挥调度,后勤保障处置
已发布预案,后勤保障处置
执行中预案,后勤保障处置
已执行预案,后勤保障处置
大屏显示,后勤保障处置
预案分类,后勤保障处置
系统配置,后勤保障处置
活动配色,后勤保障处置
知识库,后勤保障处置
启动预案,后勤保障处置
显示状态,后勤保障处置
挂起预案,后勤保障处置
激活预案,后勤保障处置
终止预案,后勤保障处置
查看报告,后勤保障处置
显示状态,后勤保障处置
指挥权移交,后勤保障处置
大屏显示,后勤保障处置
临时添加指挥候选人,后勤保障处置
查看报告,后勤保障处置
删除历史流程,后勤保障处置
显示状态,后勤保障处置
大屏定制,后勤保障处置
新建维度,后勤保障处置
编辑维度,后勤保障处置
删除维度,后勤保障处置
新建分类,后勤保障处置
编辑分类,后勤保障处置
删除分类,后勤保障处置
新建配色,后勤保障处置
编辑配色,后勤保障处置
删除配色,后勤保障处置
