快捷菜单,   应急指挥
组织架构管理,   应急指挥
用户管理,   应急指挥
角色管理,   应急指挥
预案管理,   应急指挥
用户中心,   应急指挥
指挥调度,   应急指挥
已发布预案,   应急指挥
正在执行预案,   应急指挥
已执行预案,   应急指挥
大屏显示,   应急指挥
知识库,   应急指挥
快捷菜单,   应急处置
组织架构管理,   应急处置
用户管理,   应急处置
角色管理,   应急处置
预案管理,   应急处置
用户中心,   应急处置
指挥调度,   应急处置
已发布预案,   应急处置
正在执行预案,   应急处置
已执行预案,   应急处置
大屏显示,   应急处置
知识库,   应急处置
预案分类,   应急处置
系统配置,  应急处置
活动配色,  应急处置
快捷菜单,   技术处置
组织架构管理,   技术处置
用户管理,   技术处置
角色管理,   技术处置
预案管理,   技术处置
用户中心,   技术处置
指挥调度,   技术处置
已发布预案,   技术处置
正在执行预案,   技术处置
已执行预案,   技术处置
大屏显示,   技术处置
知识库,   技术处置
预案分类,   技术处置
系统配置,  技术处置
活动配色,  技术处置
快捷菜单,   交易业务处置
组织架构管理,   交易业务处置
用户管理,   交易业务处置
角色管理,   交易业务处置
预案管理,   交易业务处置
用户中心,   交易业务处置
指挥调度,   交易业务处置
已发布预案,   交易业务处置
正在执行预案,   交易业务处置
已执行预案,   交易业务处置
大屏显示,   交易业务处置
知识库,   交易业务处置
预案分类,   交易业务处置
系统配置,  交易业务处置
活动配色,  交易业务处置
快捷菜单,   客户服务处置
组织架构管理,   客户服务处置
用户管理,   客户服务处置
角色管理,   客户服务处置
预案管理,   客户服务处置
用户中心,   客户服务处置
指挥调度,   客户服务处置
已发布预案,   客户服务处置
正在执行预案,   客户服务处置
已执行预案,   客户服务处置
大屏显示,   客户服务处置
知识库,   客户服务处置
预案分类,   客户服务处置
系统配置,  客户服务处置
活动配色,  客户服务处置
快捷菜单,   精算业务处置
组织架构管理,   精算业务处置
用户管理,   精算业务处置
角色管理,   精算业务处置
预案管理,   精算业务处置
用户中心,   精算业务处置
指挥调度,   精算业务处置
已发布预案,   精算业务处置
正在执行预案,   精算业务处置
已执行预案,   精算业务处置
大屏显示,   精算业务处置
知识库,   精算业务处置
预案分类,   精算业务处置
系统配置,  精算业务处置
活动配色,  精算业务处置
快捷菜单,   后勤保障处置
组织架构管理,   后勤保障处置
用户管理,   后勤保障处置
角色管理,   后勤保障处置
预案管理,   后勤保障处置
用户中心,   后勤保障处置
指挥调度,   后勤保障处置
已发布预案,   后勤保障处置
正在执行预案,   后勤保障处置
已执行预案,   后勤保障处置
大屏显示,   后勤保障处置
知识库,   后勤保障处置
预案分类,   后勤保障处置
系统配置,  后勤保障处置
活动配色,  后勤保障处置